-- Auteur: Antoine Langevin
-- Date  : 2023-10-20
-- Dernière mise à jour : 2023-10-20

use boutique;

INSERT INTO users (hashed_password, email, first_name, last_name, date_of_birth, user_role, phone_number,
                   profile_picture_url)
VALUES ('password1', 'user1@example.com', 'John', 'Doe', '1990-01-01', 'user', '1234567890',
        'images/profiles/JohnDoe.png'),
       ('password2', 'user2@example.com', 'Alice', 'Smith', '1985-02-15', 'user', '9876543210',
        'images/profiles/AliceSmith.png'),
       ('password3', 'user3@example.com', 'Emily', 'Johnson', '1992-05-20', 'user', '5551237890',
        'images/profiles/EmilyJohnson.png'),
       ('password4', 'user4@example.com', 'David', 'Brown', '1988-07-10', 'user', '5557891230',
        'images/profiles/DavidBrown.png'),
       ('password5', 'user5@example.com', 'Sophia', 'Anderson', '1993-11-25', 'user', '9871234560',
        'images/profiles/SophiaAnderson.png'),
       ('password6', 'user6@example.com', 'Michael', 'Lee', '1987-03-02', 'user', '1235557890',
        'images/profiles/MichaelLee.png'),
       ('password7', 'user7@example.com', 'Olivia', 'Wilson', '1991-09-15', 'user', '5559871230',
        'images/profiles/OliviaWilson.png'),
       ('password8', 'user8@example.com', 'Daniel', 'Martin', '1986-04-18', 'user', '1237895550',
        'images/profiles/DanielMartin.png'),
       ('password9', 'user9@example.com', 'Ava', 'Thompson', '1994-06-30', 'user', '5551239870',
        'images/profiles/AvaThompson.png'),
       ('password10', 'user10@example.com', 'Liam', 'Harris', '1989-12-05', 'user', '9875551230',
        'images/profiles/LiamHarris.png'),
       ('password11', 'user11@example.com', 'Emma', 'White', '1998-02-09', 'user', '5557891230',
        'images/profiles/EmmaWhite.png'),
       ('password12', 'user12@example.com', 'James', 'Taylor', '1984-10-14', 'user', '1235559870',
        'images/profiles/JamesTaylor.png'),
       ('password13', 'user13@example.com', 'Mia', 'Clark', '1997-07-23', 'user', '9871235550',
        'images/profiles/MiaClark.png'),
       ('password14', 'user14@example.com', 'William', 'Moore', '1990-03-07', 'user', '5557895550',
        'images/profiles/WilliamMoore.png'),
       ('password15', 'user15@example.com', 'Ella', 'King', '1983-08-11', 'user', '1239875550',
        'images/profiles/EllaKing.png'),
       ('password16', 'user16@example.com', 'Benjamin', 'Adams', '1995-04-12', 'user', '5551237890',
        'images/profiles/BenjaminAdams.png'),
       ('password17', 'user17@example.com', 'Lily', 'Scott', '1986-06-19', 'user', '9877891230',
        'images/profiles/LilyScott.png'),
       ('password18', 'user18@example.com', 'Henry', 'Turner', '1993-09-28', 'user', '1237899870',
        'images/profiles/HenryTurner.png'),
       ('password19', 'user19@example.com', 'Grace', 'Parker', '1989-01-03', 'user', '5559875550',
        'images/profiles/GraceParker.png'),
       ('password20', 'user20@example.com', 'Lucas', 'Wright', '1996-05-15', 'user', '1235557890',
        'images/profiles/LucasWright.png');

INSERT INTO addresses (street, city, province, country, postal_code)
VALUES ('123 Main St', 'City1', 'Province1', 'Country1', '12345'),
       ('456 Elm St', 'City2', 'Province2', 'Country2', '67890'),
       ('789 Oak St', 'City3', 'Province3', 'Country3', '13579'),
       ('101 Pine St', 'City4', 'Province4', 'Country4', '24680'),
       ('202 Cedar St', 'City5', 'Province5', 'Country5', '86420'),
       ('123 Main St', 'City1', 'Province1', 'Country1', '12345'),
       ('456 Elm St', 'City2', 'Province2', 'Country2', '67890'),
       ('789 Oak St', 'City3', 'Province3', 'Country3', '13579'),
       ('101 Pine St', 'City4', 'Province4', 'Country4', '24680'),
       ('202 Cedar St', 'City5', 'Province5', 'Country5', '86420');

INSERT INTO businesses (owner_id, address_id, bs_name, email, url, bs_type, NE, description)
VALUES (1, 1, 'Business1', 'business1@example.com', 'https://business1.com', 'Retail', 'NE1',
        'Description for Business 1'),
       (2, 2, 'Business2', 'business2@example.com', 'https://business2.com', 'Restaurant', 'NE2',
        'Description for Business 2'),
       (3, 3, 'Business3', 'business3@example.com', 'https://business3.com', 'Clothing', 'NE3',
        'Description for Business 3'),
       (4, 4, 'Business4', 'business4@example.com', 'https://business4.com', 'Electronics', 'NE4',
        'Description for Business 4'),
       (5, 5, 'Business5', 'business5@example.com', 'https://business5.com', 'Grocery', 'NE5',
        'Description for Business 5');

INSERT INTO merchants (user_id, business_id, phone, email)
VALUES (1, 1, '111-111-1111', 'merchant1@example.com'),
       (2, 2, '222-222-2222', 'merchant2@example.com'),
       (3, 3, '333-333-3333', 'merchant3@example.com'),
       (4, 4, '444-444-4444', 'merchant4@example.com'),
       (5, 5, '555-555-5555', 'merchant5@example.com');


INSERT INTO categories (cat_name)
VALUES ('Hiver'),
       ('Electronique'),
       ('Cuisine'),
       ('Livres');

INSERT INTO items (merchant_id, business_id, category_id, item_name, description, price, stock_quantity, image_url,
                   html_data, upc)
VALUES (1, 1, 1, 'Veste d''Hiver Chaude', 'Veste d''hiver pour rester au chaud',
         89.99, 100, 'veste-hiver.png', 'Description de la veste d''hiver', '123456789012'),
       (1, 1, 2, 'Smartphone dernier cri', 'Smartphone haut de gamme avec des fonctionnalites avancees',
         599.99, 50, 'smartphone.png', 'Description du smartphone', '234567890123'),
       (2, 2, 3, 'Poele Antiadhesive', 'Poele antiadhesive pour cuisiner vos plats preferes',
         29.99, 75, 'poele.png', 'Description de la poele', '345678901234'),
       (2, 2, 2, 'Casque Audio Sans Fil', 'Casque audio sans fil avec une qualite sonore exceptionnelle',
        149.99, 60, 'casque-audio.png', 'Description du casque audio', '456789012345'),
       (3, 3, 2, 'Ordinateur Portable', 'Ordinateur portable puissant pour le travail et le divertissement', 
        899.99, 40, 'ordinateur-portable.png', 'Description de l''ordinateur portable', '567890123456'),
       (3, 3, 3, 'Livre de Cuisine Gourmet', 'Livre de cuisine avec des recettes de chefs renommes',
        19.99, 90, 'livre-cuisine.png', 'Description du livre de cuisine', '678901234567'),
       (4, 4, 3, 'Robot Culinaire Multifonction', 'Robot culinaire pour preparer des plats delicieux en un clin d''œil', 
        129.99, 70, 'robot-culinaire.png', 'Description du robot culinaire', '789012345678'),
       (4, 4, 1, 'Chaussures d''Hiver', 'Chaussures d''hiver impermeables et chaudes', 
        79.99, 45, 'chaussures-hiver.png', 'Description des chaussures d''hiver', '890123456789'),
       (5, 5, 1, 'Pull en Laine', 'Pull en laine doux et confortable pour l''hiver',
        49.99, 80, 'pull-laine.png', 'Description du pull en laine', '901234567890'),
       (5, 5, 2, 'Tablette Tactile', 'Tablette tactile legere et performante pour le travail et les loisirs',
        249.99, 55, 'tablette.png', 'Description de la tablette', '012345678901'),
       (1, 1, 1, 'Bottes d''Hiver Isolees', 'Bottes d''hiver isolees pour garder vos pieds au chaud',
        59.99, 70, 'bottes-hiver.png', 'Description des bottes d''hiver', '234567890123'),
       (1, 1, 2, 'Camera Numerique HD', 'Camera numerique haute definition pour capturer des moments speciaux', 
        199.99, 65, 'camera-numerique.png', 'Description de la camera numerique', '345678901234'),
       (5, 5, 3, 'Tapis de Cuisine Antiderapant', 'Tapis de cuisine antiderapant pour plus de securite', 
        19.99, 35, 'tapis-cuisine.png', 'Description du tapis de cuisine', '901234567890'),
       (2, 2, 3, 'Casserole Antiadhesive', 'Casserole antiadhesive pour preparer vos plats preferes', 
        39.99, 60, 'casserole.png', 'Description de la casserole', '456789012345'),
        (3, 3, 2, 'Aspirateur Sans Sac', 'Aspirateur sans sac pour un nettoyage efficace',
         149.99, 50, 'aspirateur.png', 'Description de l''aspirateur', '567890123456'),
        (3, 3, 4, 'Roman Best-seller', 'Roman captivant ecrit par un auteur renomme',
         12.99, 100, 'roman.png', 'Description du roman', '678901234567'),
        (4, 4, 3, 'Mixeur Blender Puissant', 'Mixeur blender pour preparer des smoothies delicieux',
         49.99, 70, 'mixeur-blender.png', 'Description du mixeur blender', '789012345678'),
        (4, 4, 1, 'Manteau d''Hiver Elegant', 'Manteau d''hiver elegant pour rester au chaud avec style',
         99.99, 40, 'manteau-hiver.png', 'Description du manteau d''hiver', '890123456789'),
        (5, 5, 1, 'Echarpe en Laine', 'Echarpe en laine douce et chaude pour l''hiver',
         19.99, 90, 'echarpe-laine.png', 'Description de l''echarpe en laine', '901234567890'),
        (5, 5, 2, 'Enceinte Bluetooth Portable', 'Enceinte Bluetooth portable pour ecouter de la musique n''importe où',
         29.99, 80, 'enceinte-bluetooth.png', 'Description de l''enceinte Bluetooth', '012345678901'),
        (1, 1, 1, 'Gants d''Hiver Thermiques', 'Gants d''hiver thermiques pour proteger vos mains du froid',
         19.99, 70, 'gants-hiver.png', 'Description des gants d''hiver', '234567890123'),
        (1, 1, 2, 'Laptop Ultrabook', 'Laptop ultrabook leger et performant pour les professionnels',
         799.99, 65, 'laptop-ultrabook.png', 'Description du laptop ultrabook', '345678901234'),
        (5, 5, 3, 'Ensemble de Couteaux de Cuisine', 'Ensemble de couteaux de cuisine de haute qualite',
         69.99, 50, 'couteaux-cuisine.png', 'Description de l''ensemble de couteaux de cuisine', '123456789012'),
        (1, 1, 1, 'Bonnet d''Hiver Tricote', 'Bonnet d''hiver tricote pour garder la tete au chaud', 
        14.99, 60, 'bonnet-hiver.png', 'Description du bonnet d''hiver', '234567890123'),
        (1, 1, 2, 'Imprimante Laser Multifonction', 'Imprimante laser multifonction pour le bureau',
         249.99, 45, 'imprimante-laser.png', 'Description de l''imprimante laser multifonction', '345678901234'),
        (5, 5, 3, 'Machine a Cafe Automatique', 'Machine a cafe automatique pour savourer un cafe frais', 
        199.99, 70, 'machine-cafe.png', 'Description de la machine a cafe automatique', '012345678901'),
        (2, 2, 1, 'Bouilloire Electrique', 'Bouilloire electrique pour chauffer rapidement l''eau', 
        24.99, 55, 'bouilloire.png', 'Description de la bouilloire electrique', '456789012345'),
        (3, 3, 2, 'Enregistreur Vocal Numerique', 'Enregistreur vocal numerique pour des enregistrements de haute qualité',
         79.99, 40, 'enregistreur-vocal.png', 'Description de l''enregistreur vocal numerique', '567890123456'),
        (3, 3, 4, 'Collection de Poesie', 'Collection de poesie par un celebre poete contemporain',
         29.99, 30, 'poesie.png', 'Description de la collection de poesie', '678901234567'),
        (4, 4, 3, 'Blender a Smoothie', 'Blender a smoothie pour des boissons rafraîchissantes',
         34.99, 60, 'blender-smoothie.png', 'Description du blender a smoothie', '789012345678'),
        (4, 4, 1, 'Chapeau d''Hiver en Laine', 'Chapeau d''hiver en laine pour un style elegant',
         19.99, 55, 'chapeau-hiver.png', 'Description du chapeau d''hiver en laine', '890123456789'),
        (5, 5, 1, 'Gilet en Cachemire', 'Gilet en cachemire pour rester au chaud avec classe',
         79.99, 45, 'gilet-cachemire.png', 'Description du gilet en cachemire', '901234567890'),
        (5, 5, 2, 'Haut-Parleur Bluetooth Etanche', 'Haut-parleur Bluetooth etanche pour les activites en plein air',
         49.99, 50, 'haut-parleur-bluetooth.png', 'Description du haut-parleur Bluetooth etanche', '012345678901'),
        (1, 1, 1, 'Sac a Dos d''Hiver', 'Sac a dos d''hiver impermeable pour les aventures en plein air',
         39.99, 65, 'sac-a-dos-hiver.png', 'Description du sac a dos d''hiver', '234567890123'),
        (1, 1, 2, 'Clavier Mecanique RGB', 'Clavier mecanique RGB pour les joueurs et les professionnels',
         89.99, 75, 'clavier-rgb.png', 'Description du clavier mecanique RGB', '345678901234'),
        (5, 5, 2, 'Tondeuse a Cheveux Professionnelle', 'Tondeuse a cheveux professionnelle pour une coupe précise',
         49.99, 60, 'tondeuse-cheveux.png', 'Description de la tondeuse a cheveux professionnelle', '123456789012'),
        (1, 1, 1, 'Lunettes de Soleil Polarisees', 'Lunettes de soleil polarisees pour une protection UV',
         29.99, 70, 'lunettes-soleil.png', 'Description des lunettes de soleil polarisees', '234567890123'),
        (1, 1, 2, 'Ecouteurs Bluetooth Sport', 'Ecouteurs Bluetooth pour vos seances d''entraînement',
         39.99, 80, 'ecouteurs-sport.png', 'Description des ecouteurs Bluetooth sport', '345678901234'),
        (5, 5, 2, 'Fer a Repasser a Vapeur', 'Fer a repasser a vapeur pour des vêtements impeccables',
         49.99, 50, 'fer-a-repasser.png', 'Description du fer a repasser a vapeur', '123456789012'),
        (1, 1, 1, 'Sac de Couchage d''Hiver', 'Sac de couchage d''hiver pour les aventures en plein froid',
         69.99, 65, 'sac-couchage-hiver.png', 'Description du sac de couchage d''hiver', '234567890123'),
        (1, 1, 2, 'Enceinte Bluetooth Elegante', 'Enceinte Bluetooth elegante pour une experience musicale exceptionnelle',
         59.99, 55, 'enceinte-elegante.png', 'Description de l''enceinte Bluetooth elegante', '345678901234'),
        (5, 5, 3, 'Appareil de Cuisson Sous Vide', 'Appareil de cuisson sous vide pour des repas gourmet',
         119.99, 40, 'appareil-sous-vide.png', 'Description de l''appareil de cuisson sous vide', '123456789012');


INSERT INTO transactions (user_id, billing_address, shipping_address, payment_method, total)
VALUES (1, 1, 1, 'Credit Card', 100.00),
       (2, 2, 2, 'PayPal', 150.00),
       (3, 3, 3, 'Credit Card', 75.00),
       (4, 4, 4, 'Credit Card', 120.00),
       (5, 5, 5, 'PayPal', 80.00),
       (6, 6, 6, 'Credit Card', 200.00),
       (7, 7, 7, 'Credit Card', 90.00),
       (8, 8, 8, 'PayPal', 135.00),
       (9, 9, 9, 'Credit Card', 60.00),
       (10, 10, 10, 'Credit Card', 110.00);

INSERT INTO orders (user_id, transaction_id, delivery_address_id, order_status, special_instruction)
VALUES (1, 1, 1, 'Shipped', 'Special instructions for order 1'),
       (2, 2, 2, 'Delivered', 'Special instructions for order 2'),
       (3, 3, 3, 'Pending', 'Special instructions for order 3'),
       (4, 4, 4, 'Shipped', 'Special instructions for order 4'),
       (5, 5, 5, 'Delivered', 'Special instructions for order 5'),
       (6, 6, 6, 'Pending', 'Special instructions for order 6'),
       (7, 7, 7, 'Shipped', 'Special instructions for order 7'),
       (8, 8, 8, 'Delivered', 'Special instructions for order 8'),
       (9, 9, 9, 'Pending', 'Special instructions for order 9'),
       (10, 10, 10, 'Shipped', 'Special instructions for order 10');

INSERT INTO reviews (user_id, product_id, comment, number_stars)
VALUES (1, 1, 'Great product!', 5),
       (2, 2, 'Good value for money', 4),
       (3, 3, 'Highly recommended', 5),
       (4, 4, 'Average product', 3),
       (5, 5, 'Needs improvement', 2),
       (6, 6, 'Excellent service', 5),
       (7, 7, 'Not as described', 2),
       (8, 8, 'Fast shipping', 4),
       (9, 9, 'Good quality', 4),
       (10, 10, 'Poor packaging', 1),
       (11, 11, 'Impressive', 5),
       (12, 12, 'Fair price', 3),
       (13, 13, 'Quick response', 4),
       (14, 14, 'Satisfactory', 3),
       (15, 15, 'Could be better', 2),
       (16, 16, 'Outstanding', 5),
       (17, 17, 'Not worth the price', 2),
       (18, 18, 'Top-notch', 5),
       (19, 19, 'Would buy again', 4),
       (20, 20, 'Poor customer service', 1),
       (1, 11, 'Nice product', 4),
       (2, 12, 'Affordable', 3),
       (3, 13, 'Great experience', 5),
       (4, 14, 'Decent quality', 3),
      (17, 21, 'Fantastic purchase!', 5),
      (17, 22, 'Terrible quality, do not recommend', 1),
      (17, 23, 'Good value for the money', 4),
      (14, 24, 'Not as expected', 2),
      (7, 22, 'Average product, nothing special', 3),
      (4, 4, 'Amazing service and fast shipping', 5),
      (4, 24, 'Disappointed with the product', 2),
      (12, 21, 'Quality could be better', 3),
      (15, 20, 'Affordable and good quality', 4),
      (19, 18, 'Worst experience ever', 1),
      (1, 21, 'Great addition to the collection', 4),
      (2, 22, 'Could be better', 2),
      (3, 23, 'Top-notch service', 5),
      (4, 24, 'Poor packaging, but good product', 3),
      (5, 21, 'Impressive quality', 5),
      (6, 22, 'Not worth the price', 1),
      (7, 23, 'Satisfactory purchase', 3),
      (8, 24, 'Quick delivery', 4),
      (9, 25, 'Fairly priced', 4),
      (10, 41, 'Average experience', 3),
      (11, 40, 'Fantastic customer service', 5),
      (12, 39, 'Avoid this product', 1),
      (13, 38, 'Decent value for money', 3),
      (14, 37, 'Exceeded expectations', 5),
      (15, 36, 'Disappointed with the quality', 2),
      (16, 35, 'Fast and reliable shipping', 4),
      (17, 34, 'Better options available', 2),
      (18, 33, 'Great investment', 5),
      (19, 32, 'Poor customer support', 1),
      (20, 31, 'Smooth transaction', 4),
      (1, 30, 'Excellent quality and service', 5),
      (2, 29, 'Disappointing experience', 2),
      (3, 28, 'Best purchase I ever made!', 5),
      (4, 27, 'Average at best', 3),
      (5, 26, 'Below expectations', 2),
      (6, 25, 'Outstanding product and service', 5),
      (7, 42, 'Not recommended', 1),
      (8, 41, 'Prompt delivery, good product', 4),
      (9, 40, 'Highly satisfied', 4),
      (10, 39, 'Poorly packaged, decent product', 2),
      (11, 38, 'Impressive craftsmanship', 5),
      (12, 37, 'Reasonably priced', 3),
      (13, 36, 'Quick and efficient', 4),
      (14, 35, 'Satisfying purchase', 3),
      (15, 34, 'Could use improvement', 2),
      (16, 33, 'Top-notch in every way', 5),
      (17, 32, 'Not worth the money', 1),
      (18, 31, 'Absolutely recommend', 5),
      (19, 30, 'Would buy again without hesitation', 4),
      (20, 29, 'Terrible customer service', 1),
      (1, 28, 'Great addition to the collection', 4),
      (2, 27, 'Could be better', 2),
      (3, 26, 'Top-notch service', 5),
      (4, 25, 'Poor packaging, but good product', 3);


INSERT INTO bans (user_id, admin_id, reason)
VALUES (1, 11, 'Inappropriate behavior'),
       (2, 12, 'Spamming'),
       (3, 13, 'Violating community guidelines');

INSERT INTO appeals (user_id, ban_id, comment)
VALUES (1, 1, 'I would like to appeal my ban. I apologize for my behavior and promise to follow the rules.'),
       (3, 2, 'I believe my ban for spamming is unjust. I request a review of my case.'),
       (5, 3, 'I think my ban for violating guidelines is a misunderstanding. Please reconsider.');

INSERT INTO order_items (order_id, item_id, quantity)
VALUES
    -- Order 1
    (1, 1, 2),
    (1, 2, 3),
    (1, 3, 1),
    -- Order 2
    (2, 4, 3),
    (2, 5, 2),
    (2, 6, 1),
    -- Order 3
    (3, 7, 4),
    (3, 8, 3),
    (3, 9, 2),
    -- Order 4
    (4, 10, 2),
    (4, 1, 3),
    (4, 2, 1),
    -- Order 5
    (5, 3, 2),
    (5, 4, 3),
    (5, 5, 1),
    -- Order 6
    (6, 6, 4),
    (6, 7, 3),
    (6, 8, 2);
